districtID,name,population,area,provinceID,municipalityType,last_updated
1101,ABANA,4461,28,37,0,2024-03-08 11:26:59
1102,ACIPAYAM,55406,1772,20,1,2024-03-08 11:26:18
1103,ADALAR,16325,11,34,1,2024-03-08 11:26:47
1104,SEYHAN,787771,444,1,1,2024-03-08 11:25:41
1105,MERKEZ,284839,1814,2,0,2024-03-08 11:25:42
1106,ADİLCEVAZ,29697,1586,13,0,2024-03-08 11:26:07
1107,AFŞİN,78152,1502,46,1,2024-03-08 11:26:55
1108,MERKEZ,324685,1261,3,0,2024-03-08 11:25:43
1109,AĞLASUN,7929,305,15,0,2024-03-08 11:26:10
1110,AĞIN,2834,242,23,0,2024-03-08 11:26:24
1111,MERKEZ,153709,1695,4,0,2024-03-08 11:25:45
1112,AHLAT,44475,1153,13,0,2024-03-08 11:26:08
1113,AKÇAABAT,129628,375,61,1,2024-03-08 11:27:51
1114,AKÇADAĞ,34322,1118,44,1,2024-03-08 11:27:16
1115,AKÇAKALE,127277,1038,63,1,2024-03-08 11:27:44
1116,AKÇAKOCA,41363,380,81,0,2024-03-08 11:26:22
1117,AKDAĞMADENİ,40842,1810,66,0,2024-03-08 11:27:57
1118,AKHİSAR,178812,1645,45,1,2024-03-08 11:27:18
1119,AKKUŞ,22456,697,52,1,2024-03-08 11:27:26
1120,MERKEZ,321160,3540,68,0,2024-03-08 11:25:46
1121,AKSEKİ,11896,1544,7,1,2024-03-08 11:25:52
1122,AKŞEHİR,92946,895,42,1,2024-03-08 11:27:11
1123,AKYAZI,96605,628,54,1,2024-03-08 11:27:32
1124,ALACA,29952,1296,19,0,2024-03-08 11:26:16
1125,ALAÇAM,25148,598,55,1,2024-03-08 11:27:35
1126,ALANYA,359891,1577,7,1,2024-03-08 11:25:53
1127,ALAŞEHİR,105397,971,45,1,2024-03-08 11:27:18
1128,ALİAĞA,106168,379,35,1,2024-03-08 11:26:51
1129,ALMUS,25116,1033,60,0,2024-03-08 11:27:49
1130,ALTINDAĞ,412267,123,6,1,2024-03-08 11:25:48
1131,ALTINÖZÜ,66533,392,31,1,2024-03-08 11:26:41
1132,ALTINTAŞ,15446,941,43,0,2024-03-08 11:27:14
1133,ALUCRA,10514,1138,28,0,2024-03-08 11:26:35
1134,MERKEZ,148908,1889,5,0,2024-03-08 11:25:47
1135,ANAMUR,66940,1430,33,1,2024-03-08 11:27:21
1136,ANDIRIN,32581,1202,46,1,2024-03-08 11:26:55
1139,ARABAN,33196,592,27,1,2024-03-08 11:26:32
1140,ARAÇ,18676,1446,37,0,2024-03-08 11:27:00
1141,ARAKLI,51124,464,61,1,2024-03-08 11:27:51
1142,ARALIK,19495,852,76,0,2024-03-08 11:26:43
1143,ARAPGİR,10641,987,44,1,2024-03-08 11:27:16
1144,MERKEZ,42209,1261,75,0,2024-03-08 11:25:55
1145,ARDANUÇ,11157,958,8,0,2024-03-08 11:25:56
1146,ARDEŞEN,42467,376,53,0,2024-03-08 11:27:31
1147,ARHAVİ,21746,407,8,0,2024-03-08 11:25:56
1148,ARGUVAN,7708,1096,44,1,2024-03-08 11:27:16
1149,ARPAÇAY,14670,1165,36,0,2024-03-08 11:26:58
1150,ARSİN,32717,157,61,1,2024-03-08 11:27:51
1151,ARTOVA,7469,444,60,0,2024-03-08 11:27:49
1152,MERKEZ,35929,1141,8,0,2024-03-08 11:25:56
1153,AŞKALE,21410,1507,25,1,2024-03-08 11:26:27
1154,ATABEY,6103,223,32,0,2024-03-08 11:26:44
1155,AVANOS,32682,995,50,0,2024-03-08 11:27:25
1156,AYANCIK,24473,862,57,0,2024-03-08 11:27:37
1157,AYAŞ,15581,1041,6,1,2024-03-08 11:25:48
1158,AYBASTI,20966,250,52,1,2024-03-08 11:27:27
1160,AYVACIK,35141,880,17,0,2024-03-08 11:26:14
1161,AYVALIK,74643,305,10,1,2024-03-08 11:25:59
1162,AZDAVAY,8031,759,37,0,2024-03-08 11:27:00
1163,BABAESKİ,46595,670,39,0,2024-03-08 11:27:06
1164,BAFRA,143109,1503,55,1,2024-03-08 11:27:35
1165,BAHÇE,23218,208,80,0,2024-03-08 11:27:29
1166,BAKIRKÖY,220476,29,34,1,2024-03-08 11:26:47
1167,BALA,28704,1851,6,1,2024-03-08 11:25:49
1169,BALYA,13000,797,10,1,2024-03-08 11:25:59
1170,BANAZ,35313,1114,64,0,2024-03-08 11:27:54
1171,BANDIRMA,166836,755,10,1,2024-03-08 11:25:59
1172,MERKEZ,163196,1091,74,0,2024-03-08 11:26:02
1173,BASKİL,16578,1318,23,0,2024-03-08 11:26:25
1174,MERKEZ,491811,653,72,0,2024-03-08 11:26:02
1175,BAŞKALE,42922,2727,65,1,2024-03-08 11:27:55
1176,MERKEZ,70905,2705,69,0,2024-03-08 11:26:04
1177,BAYAT,15047,717,19,0,2024-03-08 11:26:16
1178,BAYINDIR,40618,548,35,1,2024-03-08 11:26:51
1179,BAYKAN,26338,488,56,0,2024-03-08 11:27:37
1180,BAYRAMİÇ,29160,1204,17,0,2024-03-08 11:26:14
1181,BERGAMA,107133,1544,35,1,2024-03-08 11:26:51
1182,BESNİ,76415,1235,2,0,2024-03-08 11:25:42
1183,BEŞİKTAŞ,169022,18,34,1,2024-03-08 11:26:48
1184,BEŞİRİ,32378,809,72,0,2024-03-08 11:26:02
1185,BEYKOZ,245647,310,34,1,2024-03-08 11:26:48
1186,BEYOĞLU,218589,9,34,1,2024-03-08 11:26:48
1187,BEYPAZARI,48558,1697,6,1,2024-03-08 11:25:49
1188,BEYŞEHİR,79030,2054,42,1,2024-03-08 11:27:11
1189,BEYTÜŞŞEBAP,16056,1647,73,0,2024-03-08 11:27:47
1190,BİGA,93778,1310,17,0,2024-03-08 11:26:14
1191,BİGADİÇ,49177,1108,10,1,2024-03-08 11:25:59
1192,MERKEZ,82416,793,11,0,2024-03-08 11:26:04
1193,MERKEZ,172007,1814,12,0,2024-03-08 11:26:06
1194,BİRECİK,93866,912,63,1,2024-03-08 11:27:44
1195,BİSMİL,119972,1679,21,1,2024-03-08 11:26:20
1196,MERKEZ,73264,1064,13,0,2024-03-08 11:26:08
1197,BODRUM,198335,650,48,1,2024-03-08 11:27:22
1198,BOĞAZLIYAN,35075,1515,66,0,2024-03-08 11:27:57
1199,MERKEZ,219913,1616,14,0,2024-03-08 11:26:08
1200,BOLVADİN,45073,944,3,0,2024-03-08 11:25:43
1201,BOR,62553,1522,51,0,2024-03-08 11:27:26
1202,BORÇKA,24622,805,8,0,2024-03-08 11:25:56
1203,BORNOVA,447553,220,35,1,2024-03-08 11:26:52
1204,BOYABAT,45833,1512,57,0,2024-03-08 11:27:38
1205,BOZCAADA,3243,37,17,0,2024-03-08 11:26:14
1206,BOZDOĞAN,32528,859,9,1,2024-03-08 11:25:57
1207,BOZKIR,25885,1105,42,1,2024-03-08 11:27:11
1208,BOZKURT,9738,308,37,0,2024-03-08 11:27:00
1209,BOZOVA,55553,1329,63,1,2024-03-08 11:27:44
1210,BOZÜYÜK,79853,860,11,0,2024-03-08 11:26:04
1211,BUCAK,68290,1511,15,0,2024-03-08 11:26:10
1212,BULANCAK,70092,721,28,0,2024-03-08 11:26:36
1213,BULANIK,72714,1948,49,0,2024-03-08 11:27:24
1214,BULDAN,26542,523,20,1,2024-03-08 11:26:19
1215,MERKEZ,117537,1567,15,0,2024-03-08 11:26:10
1216,BURHANİYE,65790,420,10,1,2024-03-08 11:25:59
1218,BÜNYAN,30834,1210,38,1,2024-03-08 11:27:02
1219,CEYHAN,156610,1426,1,1,2024-03-08 11:25:40
1220,CEYLANPINAR,92147,1589,63,1,2024-03-08 11:27:44
1221,CİDE,22965,652,37,0,2024-03-08 11:27:00
1222,CİHANBEYLİ,50922,3702,42,1,2024-03-08 11:27:11
1223,CİZRE,161135,444,73,0,2024-03-08 11:27:47
1224,ÇAL,17919,860,20,1,2024-03-08 11:26:19
1225,ÇAMARDI,13614,1163,51,0,2024-03-08 11:27:26
1226,ÇAMELİ,17814,758,20,1,2024-03-08 11:26:19
1227,ÇAMLIDERE,13971,782,6,1,2024-03-08 11:25:49
1228,ÇAMLIHEMŞİN,7799,897,53,0,2024-03-08 11:27:31
1229,ÇAN,47624,905,17,0,2024-03-08 11:26:14
1230,MERKEZ,203523,1016,17,0,2024-03-08 11:26:14
1231,ÇANKAYA,937546,483,6,1,2024-03-08 11:25:49
1232,MERKEZ,98574,1440,18,0,2024-03-08 11:26:15
1233,ÇARDAK,8781,423,20,1,2024-03-08 11:26:19
1234,ÇARŞAMBA,141199,774,55,1,2024-03-08 11:27:35
1235,ÇAT,15457,1448,25,1,2024-03-08 11:26:27
1236,ÇATAK,18825,1952,65,1,2024-03-08 11:27:55
1237,ÇATALCA,80007,1142,34,1,2024-03-08 11:26:48
1238,ÇATALZEYTİN,8127,272,37,0,2024-03-08 11:27:00
1239,ÇAY,29935,803,3,0,2024-03-08 11:25:43
1240,ÇAYCUMA,91968,492,67,0,2024-03-08 11:27:59
1241,ÇAYELİ,43075,442,53,0,2024-03-08 11:27:31
1242,ÇAYIRALAN,12461,995,66,0,2024-03-08 11:27:58
1243,ÇAYIRLI,8415,1062,24,0,2024-03-08 11:26:26
1244,ÇAYKARA,15180,574,61,1,2024-03-08 11:27:51
1245,ÇEKEREK,18781,790,66,0,2024-03-08 11:27:58
1246,ÇELİKHAN,14856,444,2,0,2024-03-08 11:25:42
1247,ÇEMİŞGEZEK,8066,851,62,0,2024-03-08 11:27:53
1248,ÇERKEŞ,16909,947,18,0,2024-03-08 11:26:15
1249,ÇERMİK,49900,948,21,1,2024-03-08 11:26:20
1250,ÇERKEZKÖY,213243,86,59,1,2024-03-08 11:27:48
1251,ÇEŞME,50028,285,35,1,2024-03-08 11:26:52
1252,ÇILDIR,8745,988,75,0,2024-03-08 11:25:55
1253,ÇINAR,78351,1934,21,1,2024-03-08 11:26:20
1254,ÇİÇEKDAĞI,14480,891,40,0,2024-03-08 11:27:08
1255,ÇİFTELER,14926,858,26,1,2024-03-08 11:26:30
1256,ÇİNE,48585,820,9,1,2024-03-08 11:25:57
1257,ÇİVRİL,59912,1570,20,1,2024-03-08 11:26:19
1258,ÇORLU,294020,531,59,1,2024-03-08 11:27:48
1259,MERKEZ,294321,2436,19,0,2024-03-08 11:26:17
1260,ÇUBUK,99096,1198,6,1,2024-03-08 11:25:50
1261,ÇUKURCA,17734,725,30,0,2024-03-08 11:26:40
1262,ÇUMRA,68543,2089,42,1,2024-03-08 11:27:12
1263,ÇÜNGÜŞ,10771,512,21,1,2024-03-08 11:26:21
1264,DADAY,8456,843,37,0,2024-03-08 11:27:00
1265,DARENDE,26318,1482,44,1,2024-03-08 11:27:17
1266,DATÇA,25649,436,48,1,2024-03-08 11:27:23
1267,DAZKIRI,11642,408,3,0,2024-03-08 11:25:43
1268,DELİCE,11227,970,71,0,2024-03-08 11:27:05
1269,DEMİRCİ,35868,1321,45,1,2024-03-08 11:27:18
1270,DEMİRKÖY,9656,893,39,0,2024-03-08 11:27:06
1272,DERELİ,19308,849,28,0,2024-03-08 11:26:37
1273,DERİK,62475,1381,47,1,2024-03-08 11:27:20
1274,DERİNKUYU,20767,473,50,0,2024-03-08 11:27:25
1275,DEVELİ,67918,1892,38,1,2024-03-08 11:27:02
1276,DEVREK,57562,953,67,0,2024-03-08 11:27:59
1277,DEVREKANİ,13886,715,37,0,2024-03-08 11:27:01
1278,DİCLE,38533,738,21,1,2024-03-08 11:26:21
1279,DİGOR,19403,1092,36,0,2024-03-08 11:26:58
1280,DİKİLİ,48379,534,35,1,2024-03-08 11:26:52
1281,DİNAR,47492,1254,3,0,2024-03-08 11:25:44
1282,DİVRİĞİ,16893,2632,58,0,2024-03-08 11:27:39
1283,DİYADİN,37687,1351,4,0,2024-03-08 11:25:45
1285,DOĞANHİSAR,14815,482,42,1,2024-03-08 11:27:12
1286,DOĞANŞEHİR,35936,1364,44,1,2024-03-08 11:27:17
1287,DOĞUBAYAZIT,114727,2250,4,0,2024-03-08 11:25:45
1288,DOMANİÇ,14206,539,43,0,2024-03-08 11:27:15
1289,DÖRTYOL,129276,342,31,1,2024-03-08 11:26:42
1290,DURAĞAN,17900,995,57,0,2024-03-08 11:27:38
1291,DURSUNBEY,33621,1719,10,1,2024-03-08 11:25:59
1292,MERKEZ,259527,710,81,0,2024-03-08 11:26:22
1293,ECEABAT,8780,430,17,0,2024-03-08 11:26:14
1294,EDREMİT,171700,682,10,1,2024-03-08 11:26:00
1295,MERKEZ,194991,844,22,0,2024-03-08 11:26:23
1296,EFLANİ,10101,674,78,0,2024-03-08 11:26:56
1297,EĞİRDİR,30988,1315,32,0,2024-03-08 11:26:44
1298,MERKEZ,443448,2243,23,0,2024-03-08 11:26:25
1299,ELBİSTAN,127755,2201,46,1,2024-03-08 11:26:55
1300,ELDİVAN,7331,350,18,0,2024-03-08 11:26:15
1301,ELEŞKİRT,30103,1307,4,0,2024-03-08 11:25:45
1302,ELMADAĞ,45034,647,6,1,2024-03-08 11:25:50
1303,ELMALI,41240,1433,7,1,2024-03-08 11:25:53
1304,EMET,18264,951,43,0,2024-03-08 11:27:15
1306,EMİRDAĞ,43603,2103,3,0,2024-03-08 11:25:44
1307,ENEZ,10625,455,22,0,2024-03-08 11:26:24
1308,ERBAA,100323,1173,60,0,2024-03-08 11:27:49
1309,ERCİŞ,171035,2133,65,1,2024-03-08 11:27:56
1310,ERDEK,32268,307,10,1,2024-03-08 11:26:00
1311,ERDEMLİ,153967,2279,33,1,2024-03-08 11:27:22
1312,EREĞLİ,153849,2214,42,1,2024-03-08 11:27:12
1313,EREĞLİ,175294,736,67,0,2024-03-08 11:27:59
1314,ERFELEK,13123,412,57,0,2024-03-08 11:27:38
1315,ERGANİ,137492,1510,21,1,2024-03-08 11:26:21
1316,ERMENEK,28103,1242,70,0,2024-03-08 11:26:57
1317,ERUH,20011,1061,56,0,2024-03-08 11:27:37
1318,MERKEZ,165860,1521,24,0,2024-03-08 11:26:26
1320,ESPİYE,38130,248,28,0,2024-03-08 11:26:38
1321,ESKİPAZAR,14343,754,78,0,2024-03-08 11:26:56
1323,EŞME,34692,1156,64,0,2024-03-08 11:27:54
1324,EYNESİL,13237,51,28,0,2024-03-08 11:26:38
1325,EYÜPSULTAN,420194,228,34,1,2024-03-08 11:26:49
1326,EZİNE,33413,727,17,0,2024-03-08 11:26:14
1327,FATİH,356025,15,34,1,2024-03-08 11:26:49
1328,FATSA,125399,363,52,1,2024-03-08 11:27:27
1329,FEKE,17304,1218,1,1,2024-03-08 11:25:40
1330,FELAHİYE,6550,444,38,1,2024-03-08 11:27:03
1331,FETHİYE,177569,875,48,1,2024-03-08 11:27:23
1332,FINDIKLI,17385,383,53,0,2024-03-08 11:27:31
1333,FİNİKE,50688,768,7,1,2024-03-08 11:25:53
1334,FOÇA,36000,251,35,1,2024-03-08 11:26:53
1336,GAZİOSMANPAŞA,483830,12,34,1,2024-03-08 11:26:49
1337,GAZİPAŞA,55185,1111,7,1,2024-03-08 11:25:53
1338,GEBZE,407436,418,41,1,2024-03-08 11:27:10
1339,GEDİZ,49915,1193,43,0,2024-03-08 11:27:15
1340,GELİBOLU,44461,823,17,0,2024-03-08 11:26:14
1341,GELENDOST,14471,610,32,0,2024-03-08 11:26:44
1342,GEMEREK,22717,1131,58,0,2024-03-08 11:27:40
1343,GEMLİK,122171,401,16,1,2024-03-08 11:26:11
1344,GENÇ,34178,1443,12,0,2024-03-08 11:26:06
1345,GERCÜŞ,21958,914,72,0,2024-03-08 11:26:03
1346,GEREDE,36177,1060,14,0,2024-03-08 11:26:09
1347,GERGER,15679,668,2,0,2024-03-08 11:25:42
1348,GERMENCİK,44793,394,9,1,2024-03-08 11:25:57
1349,GERZE,29534,487,57,0,2024-03-08 11:27:38
1350,GEVAŞ,27437,1544,65,1,2024-03-08 11:27:56
1351,GEYVE,51676,662,54,1,2024-03-08 11:27:33
1352,MERKEZ,143890,376,28,0,2024-03-08 11:26:38
1353,GÖKSUN,49119,1942,46,1,2024-03-08 11:26:56
1354,GÖLBAŞI,47876,800,2,0,2024-03-08 11:25:42
1355,GÖLCÜK,177441,217,41,1,2024-03-08 11:27:10
1356,GÖLE,22735,1290,75,0,2024-03-08 11:25:55
1357,GÖLHİSAR,23920,494,15,0,2024-03-08 11:26:11
1358,GÖLKÖY,26970,421,52,1,2024-03-08 11:27:27
1359,GÖLPAZARI,9831,670,11,0,2024-03-08 11:26:04
1360,GÖNEN,75572,1162,10,1,2024-03-08 11:26:00
1361,GÖRELE,32192,237,28,0,2024-03-08 11:26:39
1362,GÖRDES,26240,902,45,1,2024-03-08 11:27:18
1363,GÖYNÜCEK,10363,591,5,0,2024-03-08 11:25:47
1364,GÖYNÜK,14711,1407,14,0,2024-03-08 11:26:09
1365,GÜDÜL,10014,540,6,1,2024-03-08 11:25:51
1366,GÜLNAR,33986,1416,33,1,2024-03-08 11:27:22
1367,GÜLŞEHİR,21806,879,50,0,2024-03-08 11:27:25
1368,GÜMÜŞHACIKÖY,22121,629,5,0,2024-03-08 11:25:47
1369,MERKEZ,54503,1889,29,0,2024-03-08 11:26:40
1370,GÜNDOĞMUŞ,8259,1175,7,1,2024-03-08 11:25:53
1371,GÜNEY,9573,362,20,1,2024-03-08 11:26:19
1372,GÜRPINAR,31816,4028,65,1,2024-03-08 11:27:56
1373,GÜRÜN,18118,2632,58,0,2024-03-08 11:27:40
1374,HACIBEKTAŞ,11352,750,50,0,2024-03-08 11:27:25
1375,HADİM,11459,1165,42,1,2024-03-08 11:27:12
1376,HAFİK,10944,1765,58,0,2024-03-08 11:27:40
1377,MERKEZ,77273,2179,30,0,2024-03-08 11:26:41
1378,HALFETİ,46312,609,63,1,2024-03-08 11:27:45
1379,HAMUR,16097,873,4,0,2024-03-08 11:25:45
1380,HANAK,8033,647,75,0,2024-03-08 11:25:55
1381,HANİ,32777,436,21,1,2024-03-08 11:26:21
1382,HASSA,55604,520,31,1,2024-03-08 11:26:42
1384,HAVRAN,28287,565,10,1,2024-03-08 11:26:00
1385,HAVSA,18077,545,22,0,2024-03-08 11:26:24
1386,HAVZA,38824,865,55,1,2024-03-08 11:27:36
1387,HAYMANA,33494,2164,6,1,2024-03-08 11:25:51
1388,HAYRABOLU,30930,1009,59,1,2024-03-08 11:27:48
1389,HAZRO,17772,426,21,1,2024-03-08 11:26:21
1390,HEKİMHAN,20106,1514,44,1,2024-03-08 11:27:17
1391,HENDEK,91486,646,54,1,2024-03-08 11:27:33
1392,HINIS,24419,1367,25,1,2024-03-08 11:26:27
1393,HİLVAN,43448,1111,63,1,2024-03-08 11:27:46
1394,HİZAN,31911,1021,13,0,2024-03-08 11:26:08
1395,HOPA,27176,130,8,0,2024-03-08 11:25:56
1396,HORASAN,36359,1740,25,1,2024-03-08 11:26:28
1397,HOZAT,5952,663,62,0,2024-03-08 11:27:53
1398,MERKEZ,153543,1273,76,0,2024-03-08 11:26:43
1399,ILGAZ,14271,845,18,0,2024-03-08 11:26:16
1400,ILGIN,53707,1636,42,1,2024-03-08 11:27:13
1401,MERKEZ,271396,773,32,0,2024-03-08 11:26:45
1403,İDİL,77159,1148,73,0,2024-03-08 11:27:47
1404,İHSANİYE,29044,849,3,0,2024-03-08 11:25:44
1405,İKİZDERE,8676,855,53,0,2024-03-08 11:27:32
1406,İLİÇ,10044,1382,24,0,2024-03-08 11:26:26
1407,İMRANLI,9091,1292,58,0,2024-03-08 11:27:41
1408,GÖKÇEADA,10721,282,17,0,2024-03-08 11:26:15
1409,İNCESU,30477,874,38,1,2024-03-08 11:27:03
1410,İNEBOLU,20480,417,37,0,2024-03-08 11:27:01
1411,İNEGÖL,299203,1118,16,1,2024-03-08 11:26:12
1412,İPSALA,26155,741,22,0,2024-03-08 11:26:24
1413,İSKENDERUN,227498,247,31,1,2024-03-08 11:26:42
1414,İSKİLİP,29270,1170,19,0,2024-03-08 11:26:17
1415,İSLAHİYE,64013,865,27,1,2024-03-08 11:26:32
1416,İSPİR,15914,2129,25,1,2024-03-08 11:26:28
1418,İVRİNDİ,31626,818,10,1,2024-03-08 11:26:00
1420,İZNİK,44988,753,16,1,2024-03-08 11:26:12
1421,KADIKÖY,467919,25,34,1,2024-03-08 11:26:49
1422,KADINHANI,31852,1568,42,1,2024-03-08 11:27:13
1423,KADİRLİ,127513,1021,80,0,2024-03-08 11:27:30
1424,KAĞIZMAN,44162,1871,36,0,2024-03-08 11:26:58
1425,KAHTA,132303,1274,2,0,2024-03-08 11:25:42
1426,KALE,19388,684,20,1,2024-03-08 11:26:19
1427,KALECİK,13296,1110,6,1,2024-03-08 11:25:51
1428,KALKANDERE,15042,107,53,0,2024-03-08 11:27:32
1429,KAMAN,34285,1284,40,0,2024-03-08 11:27:08
1430,KANDIRA,53845,840,41,1,2024-03-08 11:27:10
1431,KANGAL,21629,3342,58,0,2024-03-08 11:27:41
1432,KARABURUN,13379,421,35,1,2024-03-08 11:26:53
1433,MERKEZ,134486,790,78,0,2024-03-08 11:26:56
1434,KARACABEY,85765,1158,16,1,2024-03-08 11:26:12
1435,KARACASU,17880,727,9,1,2024-03-08 11:25:57
1436,KARAHALLI,9884,330,64,0,2024-03-08 11:27:54
1437,KARAİSALI,23105,1165,1,1,2024-03-08 11:25:40
1438,KARAKOÇAN,29612,1049,23,0,2024-03-08 11:26:25
1439,MERKEZ,208199,4036,70,0,2024-03-08 11:26:57
1440,KARAMÜRSEL,59952,262,41,1,2024-03-08 11:27:10
1441,KARAPINAR,51166,2623,42,1,2024-03-08 11:27:13
1442,KARASU,73738,411,54,1,2024-03-08 11:27:33
1443,KARATAŞ,25245,862,1,1,2024-03-08 11:25:41
1444,KARAYAZI,24559,1953,25,1,2024-03-08 11:26:28
1445,KARGI,16040,1174,19,0,2024-03-08 11:26:17
1446,KARLIOVA,26819,1566,12,0,2024-03-08 11:26:07
1447,MERKEZ,122524,2048,36,0,2024-03-08 11:26:58
1448,KARŞIYAKA,341857,51,35,1,2024-03-08 11:26:53
1449,KARTAL,475042,38,34,1,2024-03-08 11:26:50
1450,MERKEZ,155011,1847,37,0,2024-03-08 11:27:02
1451,KAŞ,64014,1750,7,1,2024-03-08 11:25:54
1452,KAVAK,26346,697,55,1,2024-03-08 11:27:36
1453,KAYNARCA,25137,343,54,1,2024-03-08 11:27:34
1455,KEBAN,7964,641,23,0,2024-03-08 11:26:25
1456,KEÇİBORLU,14646,494,32,0,2024-03-08 11:26:45
1457,KELES,11321,617,16,1,2024-03-08 11:26:12
1458,KELKİT,40875,1571,29,0,2024-03-08 11:26:40
1459,KEMAH,7517,2311,24,0,2024-03-08 11:26:26
1460,KEMALİYE,5066,1207,24,0,2024-03-08 11:26:27
1461,KEMALPAŞA,117956,681,35,1,2024-03-08 11:26:53
1462,KEPSUT,21804,889,10,1,2024-03-08 11:26:01
1463,KESKİN,16938,1129,71,0,2024-03-08 11:27:05
1464,KEŞAN,84846,1098,22,0,2024-03-08 11:26:24
1465,KEŞAP,20763,197,28,0,2024-03-08 11:26:39
1466,KIBRISCIK,2980,562,14,0,2024-03-08 11:26:09
1467,KINIK,29205,479,35,1,2024-03-08 11:26:53
1468,KIRIKHAN,106975,715,31,1,2024-03-08 11:26:42
1469,MERKEZ,188419,432,71,0,2024-03-08 11:27:06
1470,KIRKAĞAÇ,37823,541,45,1,2024-03-08 11:27:19
1471,MERKEZ,112323,1623,39,0,2024-03-08 11:27:07
1472,MERKEZ,162989,1719,40,0,2024-03-08 11:27:09
1473,KIZILCAHAMAM,31800,1623,6,1,2024-03-08 11:25:52
1474,KIZILTEPE,271307,1236,47,1,2024-03-08 11:27:20
1475,KİĞI,5035,483,12,0,2024-03-08 11:26:07
1476,MERKEZ,130665,610,79,0,2024-03-08 11:27:09
1477,KİRAZ,43572,573,35,1,2024-03-08 11:26:54
1479,KOÇARLI,22599,455,9,1,2024-03-08 11:25:58
1480,KOFÇAZ,2308,545,39,0,2024-03-08 11:27:07
1482,KORGAN,28144,254,52,1,2024-03-08 11:27:28
1483,KORKUTELİ,59295,2433,7,1,2024-03-08 11:25:54
1484,KOYULHİSAR,12959,891,58,0,2024-03-08 11:27:41
1485,KOZAKLI,13412,772,50,0,2024-03-08 11:27:25
1486,KOZAN,132642,1903,1,1,2024-03-08 11:25:41
1487,KOZLUK,61297,1101,72,0,2024-03-08 11:26:03
1488,KÖYCEĞİZ,40665,1329,48,1,2024-03-08 11:27:23
1489,KULA,43361,981,45,1,2024-03-08 11:27:19
1490,KULP,37576,1493,21,1,2024-03-08 11:26:21
1491,KULU,52447,2234,42,1,2024-03-08 11:27:13
1492,KUMLUCA,74353,1225,7,1,2024-03-08 11:25:54
1493,KUMRU,29704,296,52,1,2024-03-08 11:27:28
1494,KURŞUNLU,9947,609,18,0,2024-03-08 11:26:16
1495,KURTALAN,62232,811,56,0,2024-03-08 11:27:37
1496,KURUCAŞİLE,6681,152,74,0,2024-03-08 11:26:02
1497,KUŞADASI,133177,265,9,1,2024-03-08 11:25:58
1498,KUYUCAK,26047,544,9,1,2024-03-08 11:25:58
1499,KÜRE,5644,406,37,0,2024-03-08 11:27:02
1500,MERKEZ,276427,2470,43,0,2024-03-08 11:27:15
1501,LADİK,16907,541,55,1,2024-03-08 11:27:36
1502,LALAPAŞA,6198,497,22,0,2024-03-08 11:26:24
1503,LAPSEKİ,30259,821,17,0,2024-03-08 11:26:15
1504,LİCE,26168,982,21,1,2024-03-08 11:26:22
1505,LÜLEBURGAZ,155670,1016,39,0,2024-03-08 11:27:07
1506,MADEN,13320,819,23,0,2024-03-08 11:26:26
1507,MAÇKA,27322,925,61,1,2024-03-08 11:27:52
1508,MAHMUDİYE,7715,659,26,1,2024-03-08 11:26:31
1510,MALAZGİRT,44442,1595,49,0,2024-03-08 11:27:24
1511,MALKARA,51406,1243,59,1,2024-03-08 11:27:48
1512,MANAVGAT,258367,2351,7,1,2024-03-08 11:25:54
1514,MANYAS,18190,634,10,1,2024-03-08 11:26:01
1517,MARMARİS,96778,906,48,1,2024-03-08 11:27:23
1518,MAZGİRT,7827,702,62,0,2024-03-08 11:27:54
1519,MAZIDAĞI,37399,850,47,1,2024-03-08 11:27:20
1520,MECİTÖZÜ,14441,825,19,0,2024-03-08 11:26:17
1521,MENEMEN,207748,573,35,1,2024-03-08 11:26:54
1522,MENGEN,14113,874,14,0,2024-03-08 11:26:09
1523,MERİÇ,12897,438,22,0,2024-03-08 11:26:24
1524,MERZİFON,76266,888,5,0,2024-03-08 11:25:48
1525,MESUDİYE,15357,1046,52,1,2024-03-08 11:27:29
1526,MİDYAT,122308,1241,47,1,2024-03-08 11:27:20
1527,MİHALIÇÇIK,8576,1809,26,1,2024-03-08 11:26:31
1528,MİLAS,149691,2067,48,1,2024-03-08 11:27:23
1529,MUCUR,18559,992,40,0,2024-03-08 11:27:09
1530,MUDANYA,109964,369,16,1,2024-03-08 11:26:12
1531,MUDURNU,18576,1314,14,0,2024-03-08 11:26:09
1533,MURADİYE,44322,912,65,1,2024-03-08 11:27:56
1534,MERKEZ,201717,2818,49,0,2024-03-08 11:27:24
1535,MUSTAFAKEMALPAŞA,103944,1641,16,1,2024-03-08 11:26:13
1536,MUT,63516,2718,33,1,2024-03-08 11:27:22
1537,MUTKİ,29203,1069,13,0,2024-03-08 11:26:08
1538,MURATLI,30411,388,59,1,2024-03-08 11:27:49
1539,NALLIHAN,26831,2079,6,1,2024-03-08 11:25:52
1540,NARMAN,11959,799,25,1,2024-03-08 11:26:28
1541,NAZIMİYE,3437,543,62,0,2024-03-08 11:27:54
1542,NAZİLLİ,162074,691,9,1,2024-03-08 11:25:58
1543,MERKEZ,159195,574,50,0,2024-03-08 11:27:25
1544,MERKEZ,236864,2223,51,0,2024-03-08 11:27:26
1545,NİKSAR,62287,889,60,0,2024-03-08 11:27:49
1546,NİZİP,150037,944,27,1,2024-03-08 11:26:33
1547,NUSAYBİN,118640,1079,47,1,2024-03-08 11:27:20
1548,OF,44527,258,61,1,2024-03-08 11:27:52
1549,OĞUZELİ,37170,689,27,1,2024-03-08 11:26:34
1550,OLTU,30296,1441,25,1,2024-03-08 11:26:28
1551,OLUR,6737,893,25,1,2024-03-08 11:26:29
1553,ORHANELİ,19527,838,16,1,2024-03-08 11:26:13
1554,ORHANGAZİ,81862,506,16,1,2024-03-08 11:26:13
1555,ORTA,16921,706,18,0,2024-03-08 11:26:16
1556,ORTAKÖY,8496,300,19,0,2024-03-08 11:26:18
1557,ORTAKÖY,31613,727,68,0,2024-03-08 11:25:47
1558,OSMANCIK,43388,1273,19,0,2024-03-08 11:26:18
1559,OSMANELİ,21875,490,11,0,2024-03-08 11:26:05
1560,MERKEZ,280068,859,80,0,2024-03-08 11:27:30
1561,OVACIK,5677,398,78,0,2024-03-08 11:26:56
1562,OVACIK,7173,1401,62,0,2024-03-08 11:27:54
1563,ÖDEMİŞ,132650,1019,35,1,2024-03-08 11:26:54
1564,ÖMERLİ,14571,458,47,1,2024-03-08 11:27:21
1565,ÖZALP,57829,1430,65,1,2024-03-08 11:27:56
1566,PALU,20215,730,23,0,2024-03-08 11:26:26
1567,PASİNLER,26833,1134,25,1,2024-03-08 11:26:29
1568,PATNOS,112515,1394,4,0,2024-03-08 11:25:46
1569,PAZAR,32516,173,53,0,2024-03-08 11:27:32
1570,PAZARCIK,67262,1253,46,1,2024-03-08 11:26:56
1571,PAZARYERİ,9967,324,11,0,2024-03-08 11:26:05
1572,PEHLİVANKÖY,3400,104,39,0,2024-03-08 11:27:07
1573,PERŞEMBE,31278,217,52,1,2024-03-08 11:27:29
1574,PERTEK,11463,858,62,0,2024-03-08 11:27:54
1575,PERVARİ,29448,1651,56,0,2024-03-08 11:27:37
1576,PINARBAŞI,24172,3418,38,1,2024-03-08 11:27:03
1577,PINARHİSAR,17738,518,39,0,2024-03-08 11:27:08
1578,POLATLI,128895,3618,6,1,2024-03-08 11:25:52
1579,POSOF,6340,583,75,0,2024-03-08 11:25:55
1580,POZANTI,20733,899,1,1,2024-03-08 11:25:41
1581,PÜLÜMÜR,4010,1437,62,0,2024-03-08 11:27:54
1582,PÜTÜRGE,15779,1086,44,1,2024-03-08 11:27:17
1583,REFAHİYE,12984,1808,24,0,2024-03-08 11:26:27
1584,REŞADİYE,36727,1102,60,0,2024-03-08 11:27:50
1585,REYHANLI,113615,367,31,1,2024-03-08 11:26:43
1586,MERKEZ,147996,253,53,0,2024-03-08 11:27:32
1587,SAFRANBOLU,70043,750,78,0,2024-03-08 11:26:57
1588,SAİMBEYLİ,13857,989,1,1,2024-03-08 11:25:41
1590,SALİHLİ,165182,1359,45,1,2024-03-08 11:27:19
1591,SAMANDAĞ,120600,384,31,1,2024-03-08 11:26:43
1592,SAMSAT,6898,319,2,0,2024-03-08 11:25:42
1594,SANDIKLI,55413,1238,3,0,2024-03-08 11:25:44
1595,SAPANCA,46080,173,54,1,2024-03-08 11:27:34
1596,SARAY,51224,620,59,1,2024-03-08 11:27:49
1597,SARAYKÖY,31047,379,20,1,2024-03-08 11:26:20
1598,SARAYÖNÜ,28967,1620,42,1,2024-03-08 11:27:14
1599,SARICAKAYA,4651,382,26,1,2024-03-08 11:26:31
1600,SARIGÖL,35519,432,45,1,2024-03-08 11:27:19
1601,SARIKAMIŞ,37348,2038,36,0,2024-03-08 11:26:58
1602,SARIKAYA,31866,1018,66,0,2024-03-08 11:27:58
1603,SARIOĞLAN,15394,642,38,1,2024-03-08 11:27:04
1604,SARIYER,344250,177,34,1,2024-03-08 11:26:50
1605,SARIZ,11278,1173,38,1,2024-03-08 11:27:04
1606,SARUHANLI,57452,771,45,1,2024-03-08 11:27:19
1607,SASON,31792,706,72,0,2024-03-08 11:26:03
1608,SAVAŞTEPE,16787,427,10,1,2024-03-08 11:26:01
1609,SAVUR,26173,962,47,1,2024-03-08 11:27:21
1610,SEBEN,4807,683,14,0,2024-03-08 11:26:10
1611,SEFERİHİSAR,58570,375,35,1,2024-03-08 11:26:54
1612,SELÇUK,38467,317,35,1,2024-03-08 11:26:54
1613,SELENDİ,19115,726,45,1,2024-03-08 11:27:19
1614,SELİM,21178,982,36,0,2024-03-08 11:26:59
1615,SENİRKENT,11196,521,32,0,2024-03-08 11:26:46
1616,SERİK,141569,1263,7,1,2024-03-08 11:25:55
1617,SEYDİŞEHİR,65928,1458,42,1,2024-03-08 11:27:14
1618,SEYİTGAZİ,13481,1578,26,1,2024-03-08 11:26:31
1619,SINDIRGI,32879,1387,10,1,2024-03-08 11:26:01
1620,MERKEZ,184163,633,56,0,2024-03-08 11:27:37
1621,SİLİFKE,137047,2692,33,1,2024-03-08 11:27:22
1622,SİLİVRİ,221723,858,34,1,2024-03-08 11:26:50
1623,SİLOPİ,148126,831,73,0,2024-03-08 11:27:47
1624,SİLVAN,87707,1252,21,1,2024-03-08 11:26:22
1625,SİMAV,61346,1515,43,0,2024-03-08 11:27:16
1626,SİNANPAŞA,39566,889,3,0,2024-03-08 11:25:45
1627,MERKEZ,69844,442,57,0,2024-03-08 11:27:38
1628,MERKEZ,389719,3488,58,0,2024-03-08 11:27:42
1629,SİVASLI,19939,473,64,0,2024-03-08 11:27:55
1630,SİVEREK,271832,3936,63,1,2024-03-08 11:27:46
1631,SİVRİCE,10325,710,23,0,2024-03-08 11:26:26
1632,SİVRİHİSAR,20478,2748,26,1,2024-03-08 11:26:32
1633,SOLHAN,33651,1032,12,0,2024-03-08 11:26:07
1634,SOMA,111276,820,45,1,2024-03-08 11:27:19
1635,SORGUN,80618,1768,66,0,2024-03-08 11:27:58
1636,SÖĞÜT,18844,523,11,0,2024-03-08 11:26:05
1637,SÖKE,124217,1064,9,1,2024-03-08 11:25:58
1638,SULAKYURT,6762,708,71,0,2024-03-08 11:27:06
1639,SULTANDAĞI,14229,928,3,0,2024-03-08 11:25:45
1640,SULTANHİSAR,20399,220,9,1,2024-03-08 11:25:58
1641,SULUOVA,46986,456,5,0,2024-03-08 11:25:48
1642,SUNGURLU,49086,1999,19,0,2024-03-08 11:26:18
1643,SURUÇ,103621,744,63,1,2024-03-08 11:27:46
1644,SUSURLUK,38025,652,10,1,2024-03-08 11:26:01
1645,SUSUZ,9052,578,36,0,2024-03-08 11:26:59
1646,SUŞEHRİ,25295,939,58,0,2024-03-08 11:27:42
1647,SÜRMENE,26127,166,61,1,2024-03-08 11:27:53
1648,SÜTÇÜLER,10143,1235,32,0,2024-03-08 11:26:46
1649,ŞABANÖZÜ,13192,467,18,0,2024-03-08 11:26:16
1650,ŞARKIŞLA,37758,2073,58,0,2024-03-08 11:27:43
1651,ŞARKİKARAAĞAÇ,24990,1068,32,0,2024-03-08 11:26:46
1652,ŞARKÖY,34047,487,59,1,2024-03-08 11:27:49
1653,ŞAVŞAT,16917,1316,8,0,2024-03-08 11:25:56
1654,ŞEBİNKARAHİSAR,19948,1396,28,0,2024-03-08 11:26:40
1655,ŞEFAATLİ,14594,882,66,0,2024-03-08 11:27:58
1656,ŞEMDİNLİ,44742,1209,30,0,2024-03-08 11:26:41
1657,ŞENKAYA,16112,1381,25,1,2024-03-08 11:26:29
1658,ŞEREFLİKOÇHİSAR,34122,2155,6,1,2024-03-08 11:25:52
1659,ŞİLE,48537,800,34,1,2024-03-08 11:26:50
1660,ŞİRAN,20202,965,29,0,2024-03-08 11:26:40
1661,MERKEZ,108699,1701,73,0,2024-03-08 11:27:47
1662,ŞİRVAN,20779,936,56,0,2024-03-08 11:27:37
1663,ŞİŞLİ,264736,10,34,1,2024-03-08 11:26:51
1664,ŞUHUT,36071,1044,3,0,2024-03-08 11:25:45
1665,TARSUS,353469,2029,33,1,2024-03-08 11:27:22
1666,TAŞKÖPRÜ,38372,1758,37,0,2024-03-08 11:27:02
1667,TAŞLIÇAY,18781,822,4,0,2024-03-08 11:25:46
1668,TAŞOVA,30882,971,5,0,2024-03-08 11:25:48
1669,TATVAN,102036,1885,13,0,2024-03-08 11:26:08
1670,TAVAS,41447,1432,20,1,2024-03-08 11:26:20
1671,TAVŞANLI,100651,1899,43,0,2024-03-08 11:27:16
1672,TEFENNİ,10546,582,15,0,2024-03-08 11:26:11
1674,TEKMAN,22686,2102,25,1,2024-03-08 11:26:29
1675,TERCAN,16573,1614,24,0,2024-03-08 11:26:27
1676,TERME,73120,548,55,1,2024-03-08 11:27:36
1677,TİRE,87935,716,35,1,2024-03-08 11:26:55
1678,TİREBOLU,33459,259,28,0,2024-03-08 11:26:40
1679,MERKEZ,207741,2003,60,0,2024-03-08 11:27:50
1680,TOMARZA,22041,1405,38,1,2024-03-08 11:27:04
1681,TONYA,14315,176,61,1,2024-03-08 11:27:53
1682,TORBALI,214059,577,35,1,2024-03-08 11:26:55
1683,TORTUM,17418,1463,25,1,2024-03-08 11:26:29
1684,TORUL,12292,973,29,0,2024-03-08 11:26:40
1685,TOSYA,39949,1302,37,0,2024-03-08 11:27:02
1687,TUFANBEYLİ,17258,851,1,1,2024-03-08 11:25:41
1688,MERKEZ,41389,1128,62,0,2024-03-08 11:27:54
1689,TURGUTLU,177071,549,45,1,2024-03-08 11:27:20
1690,TURHAL,78827,940,60,0,2024-03-08 11:27:50
1691,TUTAK,27619,1407,4,0,2024-03-08 11:25:46
1692,TUZLUCA,23584,1270,76,0,2024-03-08 11:26:43
1693,TÜRKELİ,17211,263,57,0,2024-03-08 11:27:39
1694,TÜRKOĞLU,74255,660,46,1,2024-03-08 11:26:56
1695,ULA,27282,479,48,1,2024-03-08 11:27:24
1696,ULUBEY,23033,295,52,1,2024-03-08 11:27:29
1697,ULUBEY,12025,828,64,0,2024-03-08 11:27:55
1698,ULUDERE,46740,841,73,0,2024-03-08 11:27:47
1699,ULUBORLU,6426,240,32,0,2024-03-08 11:26:46
1700,ULUKIŞLA,21044,1375,51,0,2024-03-08 11:27:26
1701,ULUS,22809,909,74,0,2024-03-08 11:26:02
1703,URLA,77599,727,35,1,2024-03-08 11:26:55
1704,MERKEZ,265148,1655,64,0,2024-03-08 11:27:55
1705,UZUNKÖPRÜ,59719,1185,22,0,2024-03-08 11:26:24
1706,ÜNYE,132915,569,52,1,2024-03-08 11:27:29
1707,ÜRGÜP,37215,587,50,0,2024-03-08 11:27:25
1708,ÜSKÜDAR,517348,35,34,1,2024-03-08 11:26:51
1709,VAKFIKEBİR,27339,141,61,1,2024-03-08 11:27:53
1711,VARTO,30183,1318,49,0,2024-03-08 11:27:25
1712,VEZİRKÖPRÜ,90388,1674,55,1,2024-03-08 11:27:36
1713,VİRANŞEHİR,211065,2297,63,1,2024-03-08 11:27:46
1714,VİZE,29466,1090,39,0,2024-03-08 11:27:08
1715,YAHYALI,36078,1587,38,1,2024-03-08 11:27:04
1716,MERKEZ,155863,139,77,0,2024-03-08 11:27:57
1717,YALVAÇ,45694,1402,32,0,2024-03-08 11:26:46
1718,YAPRAKLI,8608,741,18,0,2024-03-08 11:26:16
1719,YATAĞAN,45614,851,48,1,2024-03-08 11:27:24
1720,YAVUZELİ,23298,468,27,1,2024-03-08 11:26:35
1721,YAYLADAĞI,41698,445,31,1,2024-03-08 11:26:43
1722,YENİCE,30396,1381,17,0,2024-03-08 11:26:15
1723,YENİMAHALLE,701638,219,6,1,2024-03-08 11:25:52
1724,YENİPAZAR,11998,245,9,1,2024-03-08 11:25:59
1725,YENİŞEHİR,55745,720,16,1,2024-03-08 11:26:13
1726,YERKÖY,33377,1164,66,0,2024-03-08 11:27:59
1727,YEŞİLHİSAR,15938,913,38,1,2024-03-08 11:27:04
1728,YEŞİLOVA,14437,1108,15,0,2024-03-08 11:26:11
1729,YEŞİLYURT,286918,953,44,1,2024-03-08 11:27:18
1730,YIĞILCA,14948,636,81,0,2024-03-08 11:26:23
1731,YILDIZELİ,31719,2529,58,0,2024-03-08 11:27:43
1732,YOMRA,49721,200,61,1,2024-03-08 11:27:53
1733,MERKEZ,110620,2024,66,0,2024-03-08 11:27:59
1734,YUMURTALIK,18630,447,1,1,2024-03-08 11:25:41
1735,YUNAK,21290,2101,42,1,2024-03-08 11:27:14
1736,YUSUFELİ,18802,2261,8,0,2024-03-08 11:25:56
1737,YÜKSEKOVA,121969,2547,30,0,2024-03-08 11:26:41
1738,ZARA,23873,2616,58,0,2024-03-08 11:27:43
1739,ZEYTİNBURNU,280896,12,34,1,2024-03-08 11:26:51
1740,ZİLE,53755,1480,60,0,2024-03-08 11:27:50
1741,MERKEZ,117360,272,67,0,2024-03-08 11:28:00
1742,DALAMAN,49044,608,48,1,2024-03-08 11:27:23
1743,DÜZİÇİ,86616,595,80,0,2024-03-08 11:27:29
1744,GÖLBAŞI,157605,1364,6,1,2024-03-08 11:25:51
1745,KEÇİÖREN,923404,159,6,1,2024-03-08 11:25:51
1746,MAMAK,682279,321,6,1,2024-03-08 11:25:52
1747,SİNCAN,571889,880,6,1,2024-03-08 11:25:52
1748,YÜREĞİR,402345,835,1,1,2024-03-08 11:25:42
1749,ACIGÖL,19565,456,50,0,2024-03-08 11:27:25
1750,ADAKLI,8863,825,12,0,2024-03-08 11:26:06
1751,AHMETLİ,17370,227,45,1,2024-03-08 11:27:18
1752,AKKIŞLA,6246,371,38,1,2024-03-08 11:27:02
1753,AKÖREN,5902,640,42,1,2024-03-08 11:27:11
1754,AKPINAR,7535,582,40,0,2024-03-08 11:27:08
1755,AKSU,4135,544,32,0,2024-03-08 11:26:44
1756,AKYAKA,9998,417,36,0,2024-03-08 11:26:58
1757,ALADAĞ,16954,1340,1,1,2024-03-08 11:25:40
1758,ALAPLI,43417,383,67,0,2024-03-08 11:27:59
1759,ALPU,10678,1028,26,1,2024-03-08 11:26:30
1760,ALTINEKİN,14851,1312,42,1,2024-03-08 11:27:11
1761,AMASRA,14552,178,74,0,2024-03-08 11:26:02
1762,ARICAK,14970,354,23,0,2024-03-08 11:26:25
1763,ASARCIK,16906,253,55,1,2024-03-08 11:27:35
1764,ASLANAPA,8485,731,43,0,2024-03-08 11:27:15
1765,ATKARACALAR,5079,234,18,0,2024-03-08 11:26:15
1766,AYDINCIK,11662,352,33,1,2024-03-08 11:27:21
1767,AYDINTEPE,7070,446,69,0,2024-03-08 11:26:03
1768,AYRANCI,7630,2245,70,0,2024-03-08 11:26:57
1769,BABADAĞ,6424,124,20,1,2024-03-08 11:26:18
1770,BAHÇESARAY,12983,426,65,1,2024-03-08 11:27:55
1771,BAŞMAKÇI,9378,361,3,0,2024-03-08 11:25:43
1772,BATTALGAZİ,269150,947,44,1,2024-03-08 11:27:17
1773,BAYAT,7852,411,3,0,2024-03-08 11:25:43
1774,BEKİLLİ,6565,304,20,1,2024-03-08 11:26:18
1775,BEŞİKDÜZÜ,23568,84,61,1,2024-03-08 11:27:51
1776,BEYDAĞ,12094,172,35,1,2024-03-08 11:26:52
1777,BEYLİKOVA,6016,715,26,1,2024-03-08 11:26:30
1778,BOĞAZKALE,4068,264,19,0,2024-03-08 11:26:17
1779,BOZYAZI,26985,642,33,1,2024-03-08 11:27:21
1780,BUCA,523487,178,35,1,2024-03-08 11:26:52
1781,BUHARKENT,13187,124,9,1,2024-03-08 11:25:57
1782,BÜYÜKÇEKMECE,276572,173,34,1,2024-03-08 11:26:48
1783,BÜYÜKORHAN,10325,505,16,1,2024-03-08 11:26:11
1784,CUMAYERİ,16091,113,81,0,2024-03-08 11:26:22
1785,ÇAĞLAYANCERİT,23159,470,46,1,2024-03-08 11:26:55
1786,ÇALDIRAN,56901,1478,65,1,2024-03-08 11:27:55
1787,DARGEÇİT,28434,519,47,1,2024-03-08 11:27:20
1788,DEMİRÖZÜ,8072,594,69,0,2024-03-08 11:26:04
1789,DEREBUCAK,5790,451,42,1,2024-03-08 11:27:12
1790,DUMLUPINAR,2957,250,43,0,2024-03-08 11:27:15
1791,EĞİL,23712,449,21,1,2024-03-08 11:26:21
1792,ERZİN,42425,258,31,1,2024-03-08 11:26:42
1793,GÖLMARMARA,15211,310,45,1,2024-03-08 11:27:18
1794,GÖLYAKA,20962,228,81,0,2024-03-08 11:26:22
1795,GÜLYALI,9243,62,52,1,2024-03-08 11:27:28
1796,GÜNEYSU,15953,159,53,0,2024-03-08 11:27:31
1797,GÜRGENTEPE,15543,185,52,1,2024-03-08 11:27:28
1798,GÜROYMAK,49161,515,13,0,2024-03-08 11:26:08
1799,HARMANCIK,6334,400,16,1,2024-03-08 11:26:12
1800,HARRAN,98999,904,63,1,2024-03-08 11:27:46
1801,HASKÖY,27630,264,49,0,2024-03-08 11:27:24
1802,HİSARCIK,10996,370,43,0,2024-03-08 11:27:15
1803,HONAZ,34237,449,20,1,2024-03-08 11:26:19
1804,HÜYÜK,15431,443,42,1,2024-03-08 11:27:13
1805,İHSANGAZİ,5235,445,37,0,2024-03-08 11:27:01
1806,İMAMOĞLU,27341,445,1,1,2024-03-08 11:25:40
1807,İNCİRLİOVA,56934,188,9,1,2024-03-08 11:25:57
1808,İNÖNÜ,6244,345,26,1,2024-03-08 11:26:30
1809,İSCEHİSAR,25033,489,3,0,2024-03-08 11:25:44
1810,KAĞITHANE,445672,15,34,1,2024-03-08 11:26:49
1811,DEMRE,27762,329,7,1,2024-03-08 11:25:53
1812,KARAÇOBAN,21961,571,25,1,2024-03-08 11:26:28
1813,KARAMANLI,8249,372,15,0,2024-03-08 11:26:11
1814,KARATAY,375919,2832,42,1,2024-03-08 11:27:13
1815,KAHRAMANKAZAN,60804,547,6,1,2024-03-08 11:25:51
1816,KEMER,2888,373,15,0,2024-03-08 11:26:11
1817,KIZILIRMAK,7703,514,18,0,2024-03-08 11:26:16
1818,KOCAALİ,26523,254,54,1,2024-03-08 11:27:34
1819,KONAK,327300,24,35,1,2024-03-08 11:26:54
1820,KOVANCILAR,38988,960,23,0,2024-03-08 11:26:25
1821,KÖRFEZ,180131,301,41,1,2024-03-08 11:27:10
1822,KÖSE,7261,353,29,0,2024-03-08 11:26:40
1823,KÜÇÜKÇEKMECE,792030,44,34,1,2024-03-08 11:26:50
1824,MARMARA,11454,134,10,1,2024-03-08 11:26:01
1825,MARMARAEREĞLİSİ,31191,175,59,1,2024-03-08 11:27:49
1826,MENDERES,109356,777,35,1,2024-03-08 11:26:54
1827,MERAM,347341,1822,42,1,2024-03-08 11:27:13
1828,MURGUL,6319,301,8,0,2024-03-08 11:25:56
1829,NİLÜFER,543934,552,16,1,2024-03-08 11:26:13
1830,19 MAYIS,27910,234,55,1,2024-03-08 11:27:34
1831,ORTACA,56056,285,48,1,2024-03-08 11:27:23
1832,OSMANGAZİ,885273,621,16,1,2024-03-08 11:26:13
1833,PAMUKOVA,31205,289,54,1,2024-03-08 11:27:34
1834,PAZAR,13419,188,60,0,2024-03-08 11:27:50
1835,PENDİK,743774,190,34,1,2024-03-08 11:26:50
1836,PINARBAŞI,6970,546,37,0,2024-03-08 11:27:02
1837,PİRAZİZ,15151,127,28,0,2024-03-08 11:26:39
1838,SALIPAZARI,21243,356,55,1,2024-03-08 11:27:36
1839,SELÇUKLU,695771,1931,42,1,2024-03-08 11:27:14
1840,SERİNHİSAR,14591,256,20,1,2024-03-08 11:26:20
1841,ŞAHİNBEY,939497,960,27,1,2024-03-08 11:26:34
1842,ŞALPAZARI,11780,161,61,1,2024-03-08 11:27:53
1843,ŞAPHANE,5844,229,43,0,2024-03-08 11:27:16
1844,ŞEHİTKAMİL,867193,1290,27,1,2024-03-08 11:26:35
1845,ŞENPAZAR,4844,252,37,0,2024-03-08 11:27:02
1846,TALAS,168172,444,38,1,2024-03-08 11:27:04
1847,TARAKLI,7058,292,54,1,2024-03-08 11:27:34
1848,TAŞKENT,6976,457,42,1,2024-03-08 11:27:14
1849,TEKKEKÖY,58615,326,55,1,2024-03-08 11:27:36
1850,UĞURLUDAĞ,8333,428,19,0,2024-03-08 11:26:18
1851,UZUNDERE,7973,505,25,1,2024-03-08 11:26:30
1852,ÜMRANİYE,723760,46,34,1,2024-03-08 11:26:51
1853,ÜZÜMLÜ,14517,591,24,0,2024-03-08 11:26:27
1854,YAĞLIDERE,15744,327,28,0,2024-03-08 11:26:40
1855,YAYLADERE,2304,417,12,0,2024-03-08 11:26:07
1856,YENİCE,20592,777,78,0,2024-03-08 11:26:57
1857,YENİPAZAR,2895,273,11,0,2024-03-08 11:26:06
1858,YEŞİLYURT,8356,280,60,0,2024-03-08 11:27:50
1859,YILDIRIM,654491,110,16,1,2024-03-08 11:26:13
1860,AĞAÇÖREN,7971,407,68,0,2024-03-08 11:25:46
1861,GÜZELYURT,11675,285,68,0,2024-03-08 11:25:47
1862,KAZIMKARABEKİR,4710,423,70,0,2024-03-08 11:26:57
1863,KOCASİNAN,407600,1471,38,1,2024-03-08 11:27:03
1864,MELİKGAZİ,585483,668,38,1,2024-03-08 11:27:03
1865,PAZARYOLU,4290,654,25,1,2024-03-08 11:26:29
1866,SARIYAHŞİ,5804,210,68,0,2024-03-08 11:25:47
1867,AĞLI,3521,225,37,0,2024-03-08 11:26:59
1868,AHIRLI,5027,325,42,1,2024-03-08 11:27:11
1869,AKÇAKENT,3792,370,40,0,2024-03-08 11:27:08
1870,AKINCILAR,5111,432,58,0,2024-03-08 11:27:39
1871,PAMUKKALE,346047,823,20,1,2024-03-08 11:26:20
1872,AKYURT,43918,369,6,1,2024-03-08 11:25:48
1873,ALACAKAYA,6157,318,23,0,2024-03-08 11:26:25
1874,ALTINYAYLA,5224,221,15,0,2024-03-08 11:26:10
1875,ALTINYAYLA,8866,654,58,0,2024-03-08 11:27:39
1876,ALTUNHİSAR,14225,552,51,0,2024-03-08 11:27:26
1877,AYDINCIK,10208,338,66,0,2024-03-08 11:27:57
1878,TİLLO,4441,138,56,0,2024-03-08 11:27:37
1879,AYVACIK,21090,382,55,1,2024-03-08 11:27:35
1880,BAHŞILI,8038,266,71,0,2024-03-08 11:27:04
1881,BAKLAN,5457,283,20,1,2024-03-08 11:26:18
1882,BALIŞEYH,7016,623,71,0,2024-03-08 11:27:05
1883,BAŞÇİFTLİK,6216,246,60,0,2024-03-08 11:27:49
1884,BAŞYAYLA,3434,141,70,0,2024-03-08 11:26:57
1885,BAYRAMÖREN,2740,310,18,0,2024-03-08 11:26:15
1886,BAYRAMPAŞA,268850,9,34,1,2024-03-08 11:26:48
1887,BELEN,34430,184,31,1,2024-03-08 11:26:42
1888,BEYAĞAÇ,6532,333,20,1,2024-03-08 11:26:18
1889,BOZKURT,11000,462,20,1,2024-03-08 11:26:19
1890,BOZTEPE,5539,747,40,0,2024-03-08 11:27:08
1891,ÇAMAŞ,10232,81,52,1,2024-03-08 11:27:27
1892,ÇAMLIYAYLA,8692,602,33,1,2024-03-08 11:27:21
1893,ÇAMOLUK,7254,444,28,0,2024-03-08 11:26:36
1894,ÇANAKÇI,6917,142,28,0,2024-03-08 11:26:37
1895,ÇANDIR,4434,205,66,0,2024-03-08 11:27:58
1896,ÇARŞIBAŞI,15753,66,61,1,2024-03-08 11:27:51
1897,ÇATALPINAR,14014,101,52,1,2024-03-08 11:27:27
1898,ÇAVDARHİSAR,6073,429,43,0,2024-03-08 11:27:15
1899,ÇAVDIR,13095,482,15,0,2024-03-08 11:26:11
1900,ÇAYBAŞI,12625,102,52,1,2024-03-08 11:27:27
1901,ÇELEBİ,3954,223,71,0,2024-03-08 11:27:05
1902,ÇELTİK,10324,640,42,1,2024-03-08 11:27:12
1903,ÇELTİKÇİ,5337,161,15,0,2024-03-08 11:26:11
1904,ÇİFTLİK,28780,400,51,0,2024-03-08 11:27:26
1905,ÇİLİMLİ,19097,85,81,0,2024-03-08 11:26:22
1906,ÇOBANLAR,14404,165,3,0,2024-03-08 11:25:43
1907,DERBENT,4160,359,42,1,2024-03-08 11:27:12
1908,DEREPAZARI,7732,28,53,0,2024-03-08 11:27:31
1909,DERNEKPAZARI,4294,89,61,1,2024-03-08 11:27:52
1910,DİKMEN,5156,411,57,0,2024-03-08 11:27:38
1911,DODURGA,5786,229,19,0,2024-03-08 11:26:17
1912,DOĞANKENT,6539,110,28,0,2024-03-08 11:26:37
1913,DOĞANŞAR,3216,370,58,0,2024-03-08 11:27:39
1914,DOĞANYOL,4436,177,44,1,2024-03-08 11:27:17
1915,DOĞANYURT,5433,193,37,0,2024-03-08 11:27:01
1916,DÖRTDİVAN,6703,634,14,0,2024-03-08 11:26:08
1917,DÜZKÖY,14142,125,61,1,2024-03-08 11:27:52
1918,EDREMİT,129604,515,65,1,2024-03-08 11:27:55
1919,EKİNÖZÜ,10471,656,46,1,2024-03-08 11:26:55
1920,EMİRGAZİ,7945,798,42,1,2024-03-08 11:27:12
1921,ESKİL,27795,1701,68,0,2024-03-08 11:25:46
1922,ETİMESGUT,617229,273,6,1,2024-03-08 11:25:50
1923,EVCİLER,7173,252,3,0,2024-03-08 11:25:44
1924,EVREN,3581,222,6,1,2024-03-08 11:25:50
1925,FERİZLİ,32752,173,54,1,2024-03-08 11:27:33
1926,GÖKÇEBEY,21344,183,67,0,2024-03-08 11:27:59
1927,GÖLOVA,3614,286,58,0,2024-03-08 11:27:40
1928,GÖMEÇ,17556,171,10,1,2024-03-08 11:26:00
1929,GÖNEN,7094,285,32,0,2024-03-08 11:26:45
1930,GÜCE,8574,351,28,0,2024-03-08 11:26:39
1931,GÜÇLÜKONAK,12830,466,73,0,2024-03-08 11:27:47
1932,GÜLAĞAÇ,20120,326,68,0,2024-03-08 11:25:47
1933,GÜNEYSINIR,9415,482,42,1,2024-03-08 11:27:12
1934,GÜNYÜZÜ,5679,828,26,1,2024-03-08 11:26:30
1935,GÜRSU,103770,106,16,1,2024-03-08 11:26:12
1936,HACILAR,12979,187,38,1,2024-03-08 11:27:03
1937,HALKAPINAR,4183,605,42,1,2024-03-08 11:27:13
1938,HAMAMÖZÜ,4003,204,5,0,2024-03-08 11:25:48
1939,HAN,2352,378,26,1,2024-03-08 11:26:30
1940,HANÖNÜ,4395,417,37,0,2024-03-08 11:27:01
1941,HASANKEYF,7969,293,72,0,2024-03-08 11:26:03
1942,HAYRAT,9337,244,61,1,2024-03-08 11:27:52
1943,HEMŞİN,2499,134,53,0,2024-03-08 11:27:32
1944,HOCALAR,8644,506,3,0,2024-03-08 11:25:44
1945,AZİZİYE,68251,1529,25,1,2024-03-08 11:26:27
1946,İBRADI,4243,778,7,1,2024-03-08 11:25:53
1947,İKİZCE,14013,148,52,1,2024-03-08 11:27:28
1948,İNHİSAR,2377,244,11,0,2024-03-08 11:26:04
1949,İYİDERE,9366,28,53,0,2024-03-08 11:27:32
1950,KABADÜZ,7548,343,52,1,2024-03-08 11:27:28
1951,KABATAŞ,11011,74,52,1,2024-03-08 11:27:28
1952,KADIŞEHRİ,10612,472,66,0,2024-03-08 11:27:58
1953,KALE,6492,237,44,1,2024-03-08 11:27:17
1954,KARAKEÇİLİ,3659,137,71,0,2024-03-08 11:27:05
1955,KARAPÜRÇEK,13713,142,54,1,2024-03-08 11:27:33
1956,KARKAMIŞ,10265,298,27,1,2024-03-08 11:26:32
1957,KARPUZLU,10616,286,9,1,2024-03-08 11:25:58
1958,KAVAKLIDERE,10975,302,48,1,2024-03-08 11:27:23
1959,KEMER,49695,412,7,1,2024-03-08 11:25:54
1960,KESTEL,75954,396,16,1,2024-03-08 11:26:12
1961,KIZILÖREN,2107,111,3,0,2024-03-08 11:25:44
1962,KOCAKÖY,15537,248,21,1,2024-03-08 11:26:21
1963,KORGUN,4226,378,18,0,2024-03-08 11:26:16
1964,KORKUT,23193,775,49,0,2024-03-08 11:27:24
1965,KÖPRÜBAŞI,12752,447,45,1,2024-03-08 11:27:19
1966,KÖPRÜBAŞI,4776,189,61,1,2024-03-08 11:27:52
1967,KÖPRÜKÖY,14184,777,25,1,2024-03-08 11:26:28
1968,KÖŞK,28440,187,9,1,2024-03-08 11:25:58
1969,KULUNCAK,8549,645,44,1,2024-03-08 11:27:17
1970,KUMLU,14971,193,31,1,2024-03-08 11:26:42
1971,KÜRTÜN,13406,917,29,0,2024-03-08 11:26:40
1972,LAÇİN,4883,196,19,0,2024-03-08 11:26:17
1973,MİHALGAZİ,3037,109,26,1,2024-03-08 11:26:31
1974,NURDAĞI,39465,697,27,1,2024-03-08 11:26:33
1975,NURHAK,11984,1028,46,1,2024-03-08 11:26:56
1976,OĞUZLAR,5240,121,19,0,2024-03-08 11:26:18
1977,OTLUKBELİ,2423,320,24,0,2024-03-08 11:26:27
1978,ÖZVATAN,4523,270,38,1,2024-03-08 11:27:03
1979,PAZARLAR,5064,115,43,0,2024-03-08 11:27:15
1980,SARAY,18779,872,65,1,2024-03-08 11:27:56
1981,SARAYDÜZÜ,6642,334,57,0,2024-03-08 11:27:38
1982,SARAYKENT,11828,319,66,0,2024-03-08 11:27:58
1983,SARIVELİLER,11884,590,70,0,2024-03-08 11:26:57
1984,SEYDİLER,4796,233,37,0,2024-03-08 11:27:02
1985,SİNCİK,16477,495,2,0,2024-03-08 11:25:42
1986,SÖĞÜTLÜ,15411,145,54,1,2024-03-08 11:27:34
1987,SULUSARAY,6698,266,60,0,2024-03-08 11:27:50
1988,SÜLOĞLU,6405,342,22,0,2024-03-08 11:26:24
1989,TUT,9635,290,2,0,2024-03-08 11:25:43
1990,TUZLUKÇU,6546,704,42,1,2024-03-08 11:27:14
1991,ULAŞ,8879,1092,58,0,2024-03-08 11:27:43
1992,YAHŞİHAN,39731,304,71,0,2024-03-08 11:27:06
1993,YAKAKENT,9145,204,55,1,2024-03-08 11:27:37
1994,YALIHÜYÜK,1854,94,42,1,2024-03-08 11:27:14
1995,YAZIHAN,16370,653,44,1,2024-03-08 11:27:18
1996,YEDİSU,2798,423,12,0,2024-03-08 11:26:07
1997,YENİÇAĞA,6809,163,14,0,2024-03-08 11:26:10
1998,YENİFAKILI,5383,390,66,0,2024-03-08 11:27:59
2000,DİDİM,100189,424,9,1,2024-03-08 11:25:57
2001,YENİŞARBADEMLİ,2495,237,32,0,2024-03-08 11:26:47
2002,YEŞİLLİ,13494,168,47,1,2024-03-08 11:27:21
2003,AVCILAR,437221,50,34,1,2024-03-08 11:26:47
2004,BAĞCILAR,719071,23,34,1,2024-03-08 11:26:47
2005,BAHÇELİEVLER,567848,17,34,1,2024-03-08 11:26:47
2006,BALÇOVA,77831,16,35,1,2024-03-08 11:26:51
2007,ÇİĞLİ,215172,139,35,1,2024-03-08 11:26:52
2008,DAMAL,4757,165,75,0,2024-03-08 11:25:55
2009,GAZİEMİR,137768,70,35,1,2024-03-08 11:26:53
2010,GÜNGÖREN,269944,7,34,1,2024-03-08 11:26:49
2011,KARAKOYUNLU,13116,269,76,0,2024-03-08 11:26:43
2012,MALTEPE,523137,53,34,1,2024-03-08 11:26:50
2013,NARLIDERE,62148,50,35,1,2024-03-08 11:26:54
2014,SULTANBEYLİ,360702,29,34,1,2024-03-08 11:26:50
2015,TUZLA,293604,138,34,1,2024-03-08 11:26:51
2016,ESENLER,427901,19,34,1,2024-03-08 11:26:49
2017,GÜMÜŞOVA,17198,103,81,0,2024-03-08 11:26:23
2018,GÜZELBAHÇE,38044,77,35,1,2024-03-08 11:26:53
2019,ALTINOVA,33680,113,77,0,2024-03-08 11:27:56
2020,ARMUTLU,11729,166,77,0,2024-03-08 11:27:57
2021,ÇINARCIK,42078,178,77,0,2024-03-08 11:27:57
2022,ÇİFTLİKKÖY,53858,136,77,0,2024-03-08 11:27:57
2023,ELBEYLİ,6252,238,79,0,2024-03-08 11:27:09
2024,MUSABEYLİ,13108,346,79,0,2024-03-08 11:27:09
2025,POLATELİ,5154,218,79,0,2024-03-08 11:27:09
2026,TERMAL,7572,67,77,0,2024-03-08 11:27:57
2027,HASANBEYLİ,5455,168,80,0,2024-03-08 11:27:29
2028,SUMBAS,13375,358,80,0,2024-03-08 11:27:30
2029,TOPRAKKALE,21421,112,80,0,2024-03-08 11:27:30
2030,DERİNCE,146409,198,41,1,2024-03-08 11:27:10
2031,KAYNAŞLI,20679,237,81,0,2024-03-08 11:26:23
2032,SARIÇAM,236298,770,1,1,2024-03-08 11:25:41
2033,ÇUKUROVA,374205,250,1,1,2024-03-08 11:25:40
2034,PURSAKLAR,161926,169,6,1,2024-03-08 11:25:52
2035,AKSU,80350,406,7,1,2024-03-08 11:25:53
2036,DÖŞEMEALTI,86109,687,7,1,2024-03-08 11:25:53
2037,KEPEZ,614135,292,7,1,2024-03-08 11:25:54
2038,KONYAALTI,196498,546,7,1,2024-03-08 11:25:54
2039,MURATPAŞA,512700,96,7,1,2024-03-08 11:25:55
2040,BAĞLAR,394338,429,21,1,2024-03-08 11:26:20
2041,KAYAPINAR,425143,480,21,1,2024-03-08 11:26:21
2042,SUR,98938,1227,21,1,2024-03-08 11:26:22
2043,YENİŞEHİR,223446,358,21,1,2024-03-08 11:26:22
2044,PALANDÖKEN,177109,667,25,1,2024-03-08 11:26:29
2045,YAKUTİYE,186066,945,25,1,2024-03-08 11:26:30
2046,ODUNPAZARI,421469,1120,26,1,2024-03-08 11:26:31
2047,TEPEBAŞI,390116,1403,26,1,2024-03-08 11:26:32
2048,ARNAVUTKÖY,336062,453,34,1,2024-03-08 11:26:47
2049,ATAŞEHİR,416529,25,34,1,2024-03-08 11:26:47
2050,BAŞAKŞEHİR,509915,107,34,1,2024-03-08 11:26:48
2051,BEYLİKDÜZÜ,409347,39,34,1,2024-03-08 11:26:48
2052,ÇEKMEKÖY,299806,152,34,1,2024-03-08 11:26:49
2053,ESENYURT,978007,43,34,1,2024-03-08 11:26:49
2054,SANCAKTEPE,492804,63,34,1,2024-03-08 11:26:50
2055,SULTANGAZİ,532802,37,34,1,2024-03-08 11:26:50
2056,BAYRAKLI,300949,30,35,1,2024-03-08 11:26:51
2057,KARABAĞLAR,476500,89,35,1,2024-03-08 11:26:53
2058,BAŞİSKELE,121278,209,41,1,2024-03-08 11:27:09
2059,ÇAYIROVA,153301,23,41,1,2024-03-08 11:27:09
2060,DARICA,227892,23,41,1,2024-03-08 11:27:09
2061,DİLOVASI,54391,125,41,1,2024-03-08 11:27:10
2062,İZMİT,378656,480,41,1,2024-03-08 11:27:10
2063,KARTEPE,142175,301,41,1,2024-03-08 11:27:10
2064,AKDENİZ,260879,265,33,1,2024-03-08 11:27:21
2065,MEZİTLİ,223424,371,33,1,2024-03-08 11:27:22
2066,TOROSLAR,320377,1075,33,1,2024-03-08 11:27:22
2067,YENİŞEHİR,277445,139,33,1,2024-03-08 11:27:22
2068,ADAPAZARI,279431,324,54,1,2024-03-08 11:27:32
2069,ARİFİYE,51467,75,54,1,2024-03-08 11:27:33
2070,ERENLER,91611,136,54,1,2024-03-08 11:27:33
2071,SERDİVAN,164222,130,54,1,2024-03-08 11:27:34
2072,ATAKUM,245328,351,55,1,2024-03-08 11:27:35
2073,CANİK,100040,264,55,1,2024-03-08 11:27:35
2074,İLKADIM,322228,155,55,1,2024-03-08 11:27:36
2076,EFELER,308039,624,9,1,2024-03-08 11:25:57
2077,ALTIEYLÜL,185458,956,10,1,2024-03-08 11:25:59
2078,KARESİ,188846,695,10,1,2024-03-08 11:26:00
2079,MERKEZEFENDİ,340400,336,20,1,2024-03-08 11:26:20
2080,ANTAKYA,298620,703,31,1,2024-03-08 11:26:41
2081,ARSUZ,106118,462,31,1,2024-03-08 11:26:42
2082,DEFNE,142146,155,31,1,2024-03-08 11:26:42
2083,PAYAS,44131,157,31,1,2024-03-08 11:26:42
2084,DULKADİROĞLU,214608,1176,46,1,2024-03-08 11:26:55
2085,ONİKİŞUBAT,427272,2429,46,1,2024-03-08 11:26:56
2086,ŞEHZADELER,166541,515,45,1,2024-03-08 11:27:20
2087,YUNUSEMRE,270726,823,45,1,2024-03-08 11:27:20
2088,ARTUKLU,194073,885,47,1,2024-03-08 11:27:20
2089,MENTEŞE,123227,1659,48,1,2024-03-08 11:27:23
2090,SEYDİKEMER,65851,2208,48,1,2024-03-08 11:27:23
2091,EYYÜBİYE,400084,1626,63,1,2024-03-08 11:27:45
2092,HALİLİYE,392600,1924,63,1,2024-03-08 11:27:45
2093,KARAKÖPRÜ,277160,1222,63,1,2024-03-08 11:27:46
2094,ERGENE,68695,418,59,1,2024-03-08 11:27:48
2095,KAPAKLI,142662,182,59,1,2024-03-08 11:27:48
2096,SÜLEYMANPAŞA,219230,1053,59,1,2024-03-08 11:27:49
2097,ORTAHİSAR,322702,235,61,1,2024-03-08 11:27:53
2098,İPEKYOLU,350708,956,65,1,2024-03-08 11:27:56
2099,TUŞBA,164451,1948,65,1,2024-03-08 11:27:56
2100,KİLİMLİ,33639,145,67,0,2024-03-08 11:28:00
2101,KOZLU,50908,177,67,0,2024-03-08 11:28:00
2103,ALTINORDU,225349,410,52,1,2024-03-08 11:27:27
2105,KEMALPAŞA,9688,74,8,0,2024-03-08 11:25:56
2106,SULTANHANI,12366,463,68,0,2024-03-08 11:25:47
2107,DERECİK,25907,435,30,0,2024-03-08 11:26:41
